Year-Month,yhat,product_id
2014-07,211.5208915215041,707
2014-08,186.15255348839742,707
