Year-Month,yhat,product_id
2012-05,58.81125829195945,709
2012-06,72.78395997766597,709
