Year-Month,yhat,product_id
2014-07,207.79176847136446,708
2014-08,185.3817298518404,708
