Year-Month,yhat,product_id
2014-07,220.66083243066865,712
2014-08,189.72515136264832,712
