Year-Month,yhat,product_id
2014-07,59.16347946164622,714
2014-08,49.475408452601364,714
