Year-Month,yhat,product_id
2014-07,221.79287641011314,711
2014-08,202.2971320157194,711
