Year-Month,yhat,product_id
2014-07,72.16845615020642,715
2014-08,62.24182013671535,715
