Year-Month,yhat,product_id
2014-07,25.60401463784297,716
2014-08,23.190041421862194,716
