Year-Month,yhat,product_id
2014-05,28.442047322862717,738
2014-06,33.13393417350235,738
