Year-Month,yhat,product_id
2014-05,52.716182103886105,743
2014-06,57.3848967355781,743
