Year-Month,yhat,product_id
2014-05,32.333652460108055,748
2014-06,35.83906876105785,748
