Year-Month,yhat,product_id
2014-03,0.4245339648074205,765
2014-04,13.060899200045682,765
2014-05,13.488180952319258,765
