Year-Month,yhat,product_id
2014-03,0.9296985881765608,761
2014-04,9.801554539518097,761
2014-05,8.687843080161974,761
