Year-Month,yhat,product_id
2013-05,11.043595155929152,766
2013-06,20.769205022919188,766
2013-07,18.016767848812638,766
