Year-Month,yhat,product_id
2013-05,14.194686769695737,764
2013-06,32.364428798057645,764
2013-07,29.36122276098171,764
