Year-Month,yhat,product_id
2013-05,9.867663849004025,768
2013-06,28.727635562984453,768
2013-07,25.878812898037904,768
