Year-Month,yhat,product_id
2014-03,1.6886761152055212,762
2014-04,7.046842178588558,762
2014-05,8.11356241929618,762
