Year-Month,yhat,product_id
2014-03,0.9162736560307575,760
2014-04,11.380673920449244,760
2014-05,11.460661963344727,760
