Year-Month,yhat,product_id
2014-03,0.5716366361952657,763
2014-04,7.814873978626473,763
2014-05,7.195321894815714,763
