Year-Month,yhat,product_id
2014-05,0.0,779
2014-06,73.61109883903428,779
2014-07,78.57160591948235,779
