Year-Month,yhat,product_id
2014-01,6.804615279655804,770
2014-02,1.3282689485391157,770
2014-03,1.7290320284671097,770
