Year-Month,yhat,product_id
2014-05,0.0,782
2014-06,65.17022092876742,782
2014-07,66.00683076688566,782
