Year-Month,yhat,product_id
2014-05,0.13400074637659443,781
2014-06,55.81620110609965,781
2014-07,56.35209479964237,781
