Year-Month,yhat,product_id
2014-05,5.806901485587063,784
2014-06,55.32661809800324,784
2014-07,55.18916318502021,784
