Year-Month,yhat,product_id
2014-05,0.0,783
2014-06,68.05117240504808,783
2014-07,75.59065828481467,783
