Year-Month,yhat,product_id
2014-05,2.6857540316401627,780
2014-06,50.518667898405226,780
2014-07,52.0960518866425,780
