Year-Month,yhat,product_id
2014-05,12.846861582405097,795
2014-06,30.970288240407122,795
2014-07,34.57899627045363,795
