Year-Month,yhat,product_id
2014-05,9.51037328286844,797
2014-06,24.038095425926592,797
2014-07,28.149911708341403,797
