Year-Month,yhat,product_id
2014-05,15.174171509855404,794
2014-06,48.73216162071438,794
2014-07,60.25707927791882,794
