Year-Month,yhat,product_id
2014-05,8.787874373874995,793
2014-06,29.77445121618411,793
2014-07,38.846015624808715,793
