Year-Month,yhat,product_id
2014-05,14.151930554078348,798
2014-06,51.717199197456566,798
2014-07,63.841078997897,798
