Year-Month,yhat,product_id
2014-05,14.12533368578575,799
2014-06,58.874188773063224,799
2014-07,64.8740856465527,799
