Year-Month,yhat,product_id
2014-05,6.532232799409074,801
2014-06,18.790570940123274,801
2014-07,16.930564986144116,801
