Year-Month,yhat,product_id
2014-05,15.147149868402096,809
2014-06,23.764433134092013,809
