Year-Month,yhat,product_id
2014-05,31.492223564883925,835
2014-06,31.35602680675295,835
