Year-Month,yhat,product_id
2013-05,24.02130169339509,844
2013-06,27.124436258574505,844
