Year-Month,yhat,product_id
2013-08,11.685573764902191,849
2013-09,5.670129686596032,849
