Year-Month,yhat,product_id
2013-10,20.700149614657068,843
2013-11,11.527525969545032,843
