Year-Month,yhat,product_id
2014-06,2.355934174467418,858
2014-07,56.768290665327356,858
2014-08,46.59458642533232,858
