Year-Month,yhat,product_id
2014-05,9.869048397401889,856
2014-06,6.00300311807577,856
