Year-Month,yhat,product_id
2014-05,12.069325392073733,852
2014-06,7.4704803075772555,852
