Year-Month,yhat,product_id
2014-03,0.0,854
2014-04,6.551354860380949,854
2014-05,9.837355487137007,854
