Year-Month,yhat,product_id
2014-07,97.33824321130854,859
2014-08,85.48070599266728,859
