Year-Month,yhat,product_id
2014-06,1.53299149216737,868
2014-07,40.028756680012116,868
2014-08,14.490564363943662,868
