Year-Month,yhat,product_id
2014-06,0.0,865
2014-07,43.559801248367314,865
2014-08,21.345505121596254,865
