Year-Month,yhat,product_id
2014-07,44.45625111596001,869
2014-08,20.889129985171206,869
