Year-Month,yhat,product_id
2014-07,37.446194795664354,867
2014-08,27.352894709296272,867
