Year-Month,yhat,product_id
2014-07,72.8534047249995,860
2014-08,54.24363552176306,860
