Year-Month,yhat,product_id
2014-07,32.547188250920975,864
2014-08,0.5132286878167518,864
