Year-Month,yhat,product_id
2014-05,12.304221833992587,863
2014-06,9.50354692895234,863
