Year-Month,yhat,product_id
2014-05,7.079606909707811,862
2014-06,4.3908477757767574,862
