Year-Month,yhat,product_id
2014-06,0.0,875
2014-07,12.241986045486133,875
2014-08,1.20530078137193,875
