Year-Month,yhat,product_id
2014-07,80.06166033798283,877
2014-08,39.037145051569745,877
