Year-Month,yhat,product_id
2014-07,39.18417063175232,876
2014-08,22.034814286000472,876
