Year-Month,yhat,product_id
2014-07,135.9633953443759,870
2014-08,19.335065460959065,870
