Year-Month,yhat,product_id
2014-07,20.150979068708075,874
2014-08,14.98363787099583,874
