Year-Month,yhat,product_id
2014-07,153.40222240469186,873
2014-08,100.31346072847442,873
