Year-Month,yhat,product_id
2014-07,61.29625120806919,880
2014-08,20.88207704951426,880
