Year-Month,yhat,product_id
2014-07,48.94876089285169,881
2014-08,32.43148113183379,881
