Year-Month,yhat,product_id
2014-06,2.1193391748445087,883
2014-07,51.139391247426644,883
2014-08,13.8534354992685,883
