Year-Month,yhat,product_id
2014-07,56.69676894302336,884
2014-08,31.948079815473776,884
