Year-Month,yhat,product_id
2014-05,10.476294066246885,957
2014-06,44.3327350912476,957
2014-07,47.736819782007686,957
