Year-Month,yhat,product_id
2014-05,2.103268854882739,969
2014-06,35.90172704400001,969
2014-07,39.899410068843416,969
