Year-Month,yhat,product_id
2014-05,3.5499099185698326,973
2014-06,23.894110169082587,973
2014-07,23.381038085814165,973
