Year-Month,yhat,product_id
2014-05,6.445912448464966,976
2014-06,36.17204042511216,976
2014-07,30.519117604628175,976
