Year-Month,yhat,product_id
2014-05,6.622699747688081,998
2014-06,25.223634627826883,998
2014-07,21.404466458557092,998
