Year-Month,yhat,product_id
2014-05,4.3757450845479,999
2014-06,44.63495323613242,999
2014-07,47.42182152209078,999
